{"train_loss_epoch":0.5246518850326538,"val_subset_ndo":0.7815134359591949,"trainer/global_step":1614849,"_timestamp":1.774603704367486e+09,"_wandb":{"runtime":75285},"val_subset_correct_cath":0.1325,"val_subset_iou_chain":0.42053876173785093,"val_subset_boundary_distance_score":0.652344742063492,"val_subset_correct_prop":0.355,"epoch":9,"eval_loss":0.5044516921043396,"val_subset_eval_loss":0.46560569524765016,"_step":33930,"_runtime":75285,"train_loss_step":0.7234320044517517}