{
  "n_total": 1356,
  "groups": {
    "overall": {
      "n": 1356,
      "iou_chain": {
        "mean": 0.6699668434347628,
        "ci_lo": 0.6538471505175425,
        "ci_hi": 0.685925603824571
      },
      "correct_prop": {
        "mean": 0.5332666104789998,
        "ci_lo": 0.50668764924849,
        "ci_hi": 0.5585680046354826
      },
      "boundary_distance_score": {
        "mean": 0.5686068447234099,
        "ci_lo": 0.5529959967451327,
        "ci_hi": 0.5833366923612533
      },
      "ndo": {
        "mean": 0.6407139286314399,
        "ci_lo": 0.611860293887542,
        "ci_hi": 0.6671722039629512
      },
      "domain_count_match": {
        "mean": 0.6976401179941003,
        "ci_lo": 0.672566371681416,
        "ci_hi": 0.7212389380530974
      }
    },
    "single": {
      "n": 653,
      "iou_chain": {
        "mean": 0.8797823626855511,
        "ci_lo": 0.8644856287316687,
        "ci_hi": 0.8951013505654819
      },
      "correct_prop": {
        "mean": 0.8522205206738132,
        "ci_lo": 0.8254211332312404,
        "ci_hi": 0.8797856049004594
      },
      "boundary_distance_score": {
        "mean": 0.7036261211988624,
        "ci_lo": 0.681848223401152,
        "ci_hi": 0.7259494070407642
      },
      "ndo": {
        "mean": 0.8704382647774243,
        "ci_lo": 0.8444085368933408,
        "ci_hi": 0.8914679312180421
      },
      "domain_count_match": {
        "mean": 0.9096477794793262,
        "ci_lo": 0.886676875957121,
        "ci_hi": 0.9310872894333844
      }
    },
    "multi": {
      "n": 703,
      "iou_chain": {
        "mean": 0.47507419184050265,
        "ci_lo": 0.45608333642079435,
        "ci_hi": 0.494622682390791
      },
      "correct_prop": {
        "mean": 0.2369979001557949,
        "ci_lo": 0.2099933956512904,
        "ci_hi": 0.26317144211881055
      },
      "boundary_distance_score": {
        "mean": 0.4431906462334094,
        "ci_lo": 0.42655758658842535,
        "ci_hi": 0.4602412063411241
      },
      "ndo": {
        "mean": 0.4273284499638331,
        "ci_lo": 0.38272975284379307,
        "ci_hi": 0.4726030511432669
      },
      "domain_count_match": {
        "mean": 0.5007112375533428,
        "ci_lo": 0.46653627311522056,
        "ci_hi": 0.5376955903271693
      }
    },
    "1+ domains": {
      "n": 1356,
      "iou_chain": {
        "mean": 0.6699668434347628,
        "ci_lo": 0.6539398718673309,
        "ci_hi": 0.6867144459413334
      },
      "correct_prop": {
        "mean": 0.5332666104789998,
        "ci_lo": 0.507313922250316,
        "ci_hi": 0.5579063948588284
      },
      "boundary_distance_score": {
        "mean": 0.5686068447234099,
        "ci_lo": 0.5528171860883248,
        "ci_hi": 0.5836936165890813
      },
      "ndo": {
        "mean": 0.6407139286314399,
        "ci_lo": 0.6112858926496966,
        "ci_hi": 0.66796662392243
      },
      "domain_count_match": {
        "mean": 0.6976401179941003,
        "ci_lo": 0.6733038348082596,
        "ci_hi": 0.7205014749262537
      }
    },
    "2+ domains": {
      "n": 703,
      "iou_chain": {
        "mean": 0.47507419184050265,
        "ci_lo": 0.45588755948803733,
        "ci_hi": 0.4953580269203301
      },
      "correct_prop": {
        "mean": 0.2369979001557949,
        "ci_lo": 0.2107046332046332,
        "ci_hi": 0.26480872790083315
      },
      "boundary_distance_score": {
        "mean": 0.4431906462334094,
        "ci_lo": 0.4265428233047477,
        "ci_hi": 0.4595886106062915
      },
      "ndo": {
        "mean": 0.4273284499638331,
        "ci_lo": 0.38118781968597154,
        "ci_hi": 0.4696567905503951
      },
      "domain_count_match": {
        "mean": 0.5007112375533428,
        "ci_lo": 0.465149359886202,
        "ci_hi": 0.5391180654338549
      }
    }
  },
  "chainsaw_comparison": {
    "1+ domains": {
      "n": 1356,
      "iou": 0.8803998382620539,
      "correct_prop": 0.7859684471133587,
      "boundary_distance_score": 0.7887683811702063
    },
    "2+ domains": {
      "n": 703,
      "iou": 0.831942625119872,
      "correct_prop": 0.730829607803292,
      "boundary_distance_score": 0.6789812146720041
    }
  }
}