{
  "n_total": 1356,
  "groups": {
    "overall": {
      "n": 1356,
      "iou_chain": {
        "mean": 0.6699668434347628,
        "ci_lo": 0.6538471505175425,
        "ci_hi": 0.685925603824571
      },
      "correct_prop": {
        "mean": 0.5332666104789998,
        "ci_lo": 0.50668764924849,
        "ci_hi": 0.5585680046354826
      },
      "boundary_distance_score": {
        "mean": 0.5686068447234099,
        "ci_lo": 0.5529959967451327,
        "ci_hi": 0.5833366923612533
      },
      "ndo": {
        "mean": 0.6407139286314399,
        "ci_lo": 0.611860293887542,
        "ci_hi": 0.6671722039629512
      },
      "domain_count_match": {
        "mean": 0.6976401179941003,
        "ci_lo": 0.672566371681416,
        "ci_hi": 0.7212389380530974
      },
      "correct_cath": {
        "mean": 0.09763250924755351,
        "ci_lo": 0.08300611333520626,
        "ci_hi": 0.11174266633890527
      },
      "cath_level_score": {
        "mean": 0.0,
        "ci_lo": 0.0,
        "ci_hi": 0.0
      }
    },
    "single": {
      "n": 653,
      "iou_chain": {
        "mean": 0.8797823626855511,
        "ci_lo": 0.863830183602768,
        "ci_hi": 0.895542163339927
      },
      "correct_prop": {
        "mean": 0.8522205206738132,
        "ci_lo": 0.8238897396630934,
        "ci_hi": 0.8790199081163859
      },
      "boundary_distance_score": {
        "mean": 0.7036261211988624,
        "ci_lo": 0.6813632251330853,
        "ci_hi": 0.7250086596660104
      },
      "ndo": {
        "mean": 0.8704382647774243,
        "ci_lo": 0.8444747972711716,
        "ci_hi": 0.8925943707427882
      },
      "domain_count_match": {
        "mean": 0.9096477794793262,
        "ci_lo": 0.886676875957121,
        "ci_hi": 0.9310872894333844
      },
      "correct_cath": {
        "mean": 0.12664624808575806,
        "ci_lo": 0.10259188361408884,
        "ci_hi": 0.15237748851454824
      },
      "cath_level_score": {
        "mean": 0.0,
        "ci_lo": 0.0,
        "ci_hi": 0.0
      }
    },
    "multi": {
      "n": 703,
      "iou_chain": {
        "mean": 0.47507419184050265,
        "ci_lo": 0.45625797198376733,
        "ci_hi": 0.49503489576461346
      },
      "correct_prop": {
        "mean": 0.2369979001557949,
        "ci_lo": 0.2106911704938021,
        "ci_hi": 0.2645807085280769
      },
      "boundary_distance_score": {
        "mean": 0.4431906462334094,
        "ci_lo": 0.42649819271529804,
        "ci_hi": 0.4596696064068597
      },
      "ndo": {
        "mean": 0.4273284499638331,
        "ci_lo": 0.3822952575673876,
        "ci_hi": 0.4698060824008285
      },
      "domain_count_match": {
        "mean": 0.5007112375533428,
        "ci_lo": 0.46088193456614507,
        "ci_hi": 0.5376955903271693
      },
      "correct_cath": {
        "mean": 0.07068233647181014,
        "ci_lo": 0.05630571360834518,
        "ci_hi": 0.08702787373840003
      },
      "cath_level_score": {
        "mean": 0.0,
        "ci_lo": 0.0,
        "ci_hi": 0.0
      }
    },
    "1+ domains": {
      "n": 1356,
      "iou_chain": {
        "mean": 0.6699668434347628,
        "ci_lo": 0.6537578050462555,
        "ci_hi": 0.6858926292616196
      },
      "correct_prop": {
        "mean": 0.5332666104789998,
        "ci_lo": 0.5081978683803905,
        "ci_hi": 0.5578544651636467
      },
      "boundary_distance_score": {
        "mean": 0.5686068447234099,
        "ci_lo": 0.5537026062467676,
        "ci_hi": 0.5840076839776956
      },
      "ndo": {
        "mean": 0.6407139286314399,
        "ci_lo": 0.6122136114508596,
        "ci_hi": 0.6678558519290523
      },
      "domain_count_match": {
        "mean": 0.6976401179941003,
        "ci_lo": 0.6733038348082596,
        "ci_hi": 0.7212389380530974
      },
      "correct_cath": {
        "mean": 0.09763250924755351,
        "ci_lo": 0.08325519735917966,
        "ci_hi": 0.11282123542632391
      },
      "cath_level_score": {
        "mean": 0.0,
        "ci_lo": 0.0,
        "ci_hi": 0.0
      }
    },
    "2+ domains": {
      "n": 703,
      "iou_chain": {
        "mean": 0.47507419184050265,
        "ci_lo": 0.4567974209783513,
        "ci_hi": 0.4933775735180322
      },
      "correct_prop": {
        "mean": 0.2369979001557949,
        "ci_lo": 0.21006307999729054,
        "ci_hi": 0.2638475411501727
      },
      "boundary_distance_score": {
        "mean": 0.4431906462334094,
        "ci_lo": 0.42573545983907835,
        "ci_hi": 0.4601098419211083
      },
      "ndo": {
        "mean": 0.4273284499638331,
        "ci_lo": 0.3813983299152103,
        "ci_hi": 0.4702931856552592
      },
      "domain_count_match": {
        "mean": 0.5007112375533428,
        "ci_lo": 0.46372688477951635,
        "ci_hi": 0.5376955903271693
      },
      "correct_cath": {
        "mean": 0.07068233647181014,
        "ci_lo": 0.055751343448711875,
        "ci_hi": 0.08645100927995665
      },
      "cath_level_score": {
        "mean": 0.0,
        "ci_lo": 0.0,
        "ci_hi": 0.0
      }
    }
  },
  "chainsaw_comparison": {
    "1+ domains": {
      "n": 1356,
      "iou": 0.8803998382620539,
      "correct_prop": 0.7859684471133587,
      "boundary_distance_score": 0.7887683811702063
    },
    "2+ domains": {
      "n": 703,
      "iou": 0.831942625119872,
      "correct_prop": 0.730829607803292,
      "boundary_distance_score": 0.6789812146720041
    }
  }
}