group,n,gt_parse_ok_rate,pred_parse_ok_rate,domain_count_match_rate,mean_iou_chain,median_iou_chain,mean_correct_prop,median_correct_prop,mean_correct_cath_prop,median_correct_cath_prop,mean_ndo,median_ndo,mean_boundary_distance_score,median_boundary_distance_score
overall,100,1.0,0.98,0.82,0.6156856747111403,0.6716443887496519,0.345,0.0,0.4158333333333333,0.125,0.4711967130045324,0.6330263881253436,0.4941647727272727,0.5
gt_zero,0,,,,,,,,,,,,,
gt_single,70,1.0,0.9857142857142858,0.8714285714285714,0.6907715176901005,0.7838367346938775,0.44285714285714284,0.0,0.4642857142857143,0.0,0.5266534601415253,0.7164371320437342,0.5805059523809524,0.5
gt_multi,30,1.0,0.9666666666666667,0.7,0.4404853744268997,0.3854792876989139,0.11666666666666667,0.0,0.30277777777777776,0.29166666666666663,0.3417976363515489,0.37003944506312253,0.2927020202020202,0.25
