{
  "n_total": 1356,
  "groups": {
    "overall": {
      "n": 1356,
      "iou_chain": {
        "mean": 0.6753658981214407,
        "ci_lo": 0.6596439620728372,
        "ci_hi": 0.6908946340814969
      },
      "correct_prop": {
        "mean": 0.5412803764573676,
        "ci_lo": 0.5154737322657678,
        "ci_hi": 0.56569150337126
      },
      "boundary_distance_score": {
        "mean": 0.5618316840178013,
        "ci_lo": 0.5474230146076627,
        "ci_hi": 0.5764337866041233
      },
      "ndo": {
        "mean": 0.636793601096266,
        "ci_lo": 0.6069963397150112,
        "ci_hi": 0.6646541249114429
      },
      "domain_count_match": {
        "mean": 0.7050147492625368,
        "ci_lo": 0.6814159292035398,
        "ci_hi": 0.7278945427728613
      },
      "correct_cath": {
        "mean": 0.3456858407079646,
        "ci_lo": 0.32302052605703047,
        "ci_hi": 0.36871988692232055
      },
      "cath_level_score": {
        "mean": 0.40790007374631265,
        "ci_lo": 0.38674025934119965,
        "ci_hi": 0.430427267699115
      }
    },
    "single": {
      "n": 653,
      "iou_chain": {
        "mean": 0.8798349244777303,
        "ci_lo": 0.8642039174347599,
        "ci_hi": 0.8947476180225238
      },
      "correct_prop": {
        "mean": 0.8545176110260337,
        "ci_lo": 0.8269525267993875,
        "ci_hi": 0.8813169984686064
      },
      "boundary_distance_score": {
        "mean": 0.685331589246214,
        "ci_lo": 0.6633467596137486,
        "ci_hi": 0.707107181597754
      },
      "ndo": {
        "mean": 0.865367805247594,
        "ci_lo": 0.840363147265278,
        "ci_hi": 0.8870468765049453
      },
      "domain_count_match": {
        "mean": 0.9173047473200613,
        "ci_lo": 0.8958652373660031,
        "ci_hi": 0.9372128637059725
      },
      "correct_cath": {
        "mean": 0.388208269525268,
        "ci_lo": 0.35222052067381315,
        "ci_hi": 0.4241960183767228
      },
      "cath_level_score": {
        "mean": 0.5079122001020928,
        "ci_lo": 0.4772811383358856,
        "ci_hi": 0.5420511102603368
      }
    },
    "multi": {
      "n": 703,
      "iou_chain": {
        "mean": 0.48543947676915467,
        "ci_lo": 0.46587630621965165,
        "ci_hi": 0.5043043276672575
      },
      "correct_prop": {
        "mean": 0.2503217503217503,
        "ci_lo": 0.22412035155456206,
        "ci_hi": 0.27677225157488317
      },
      "boundary_distance_score": {
        "mean": 0.44711555583266105,
        "ci_lo": 0.4309871230594915,
        "ci_hi": 0.4632291113417758
      },
      "ndo": {
        "mean": 0.4244764527167252,
        "ci_lo": 0.37747166593799786,
        "ci_hi": 0.468311111066474
      },
      "domain_count_match": {
        "mean": 0.5078236130867709,
        "ci_lo": 0.46938122332859183,
        "ci_hi": 0.5448079658605974
      },
      "correct_cath": {
        "mean": 0.3061877667140825,
        "ci_lo": 0.27650426742532,
        "ci_hi": 0.3352601944049312
      },
      "cath_level_score": {
        "mean": 0.3150011853959222,
        "ci_lo": 0.2871005215742058,
        "ci_hi": 0.3425831258890469
      }
    },
    "1+ domains": {
      "n": 1356,
      "iou_chain": {
        "mean": 0.6753658981214407,
        "ci_lo": 0.6584664099344997,
        "ci_hi": 0.6910509116523019
      },
      "correct_prop": {
        "mean": 0.5412803764573676,
        "ci_lo": 0.5165258902233459,
        "ci_hi": 0.566017743011659
      },
      "boundary_distance_score": {
        "mean": 0.5618316840178013,
        "ci_lo": 0.5480882744543385,
        "ci_hi": 0.5760324524097512
      },
      "ndo": {
        "mean": 0.636793601096266,
        "ci_lo": 0.607332144593822,
        "ci_hi": 0.6652601931549529
      },
      "domain_count_match": {
        "mean": 0.7050147492625368,
        "ci_lo": 0.6806784660766961,
        "ci_hi": 0.7300884955752213
      },
      "correct_cath": {
        "mean": 0.3456858407079646,
        "ci_lo": 0.32127427482792525,
        "ci_hi": 0.36877335299901665
      },
      "cath_level_score": {
        "mean": 0.40790007374631265,
        "ci_lo": 0.3860475817354965,
        "ci_hi": 0.4290407602015732
      }
    },
    "2+ domains": {
      "n": 703,
      "iou_chain": {
        "mean": 0.48543947676915467,
        "ci_lo": 0.46724544234362236,
        "ci_hi": 0.5044220872234523
      },
      "correct_prop": {
        "mean": 0.2503217503217503,
        "ci_lo": 0.22172170290591348,
        "ci_hi": 0.2795898530109056
      },
      "boundary_distance_score": {
        "mean": 0.44711555583266105,
        "ci_lo": 0.43112350148123174,
        "ci_hi": 0.4646732232114633
      },
      "ndo": {
        "mean": 0.4244764527167252,
        "ci_lo": 0.3749862774587315,
        "ci_hi": 0.4692800399560962
      },
      "domain_count_match": {
        "mean": 0.5078236130867709,
        "ci_lo": 0.46938122332859183,
        "ci_hi": 0.5448079658605974
      },
      "correct_cath": {
        "mean": 0.3061877667140825,
        "ci_lo": 0.27687648174490276,
        "ci_hi": 0.33523293029871976
      },
      "cath_level_score": {
        "mean": 0.3150011853959222,
        "ci_lo": 0.2874085763394974,
        "ci_hi": 0.3422540303461356
      }
    }
  },
  "chainsaw_comparison": {
    "1+ domains": {
      "n": 1356,
      "iou": 0.8803998382620539,
      "correct_prop": 0.7859684471133587,
      "boundary_distance_score": 0.7887683811702063
    },
    "2+ domains": {
      "n": 703,
      "iou": 0.831942625119872,
      "correct_prop": 0.730829607803292,
      "boundary_distance_score": 0.6789812146720041
    }
  }
}