{
  "n_total": 1356,
  "groups": {
    "overall": {
      "n": 1356,
      "iou_chain": {
        "mean": 0.6753658981214407,
        "ci_lo": 0.6596439620728372,
        "ci_hi": 0.6908946340814969
      },
      "correct_prop": {
        "mean": 0.5412803764573676,
        "ci_lo": 0.5154737322657678,
        "ci_hi": 0.56569150337126
      },
      "boundary_distance_score": {
        "mean": 0.5618316840178013,
        "ci_lo": 0.5474230146076627,
        "ci_hi": 0.5764337866041233
      },
      "ndo": {
        "mean": 0.636793601096266,
        "ci_lo": 0.6069963397150112,
        "ci_hi": 0.6646541249114429
      },
      "domain_count_match": {
        "mean": 0.7050147492625368,
        "ci_lo": 0.6814159292035398,
        "ci_hi": 0.7278945427728613
      }
    },
    "single": {
      "n": 653,
      "iou_chain": {
        "mean": 0.8798349244777303,
        "ci_lo": 0.8645833063555866,
        "ci_hi": 0.8954018091844658
      },
      "correct_prop": {
        "mean": 0.8545176110260337,
        "ci_lo": 0.8277182235834609,
        "ci_hi": 0.8805513016845329
      },
      "boundary_distance_score": {
        "mean": 0.685331589246214,
        "ci_lo": 0.6632609909392547,
        "ci_hi": 0.7066964171771312
      },
      "ndo": {
        "mean": 0.865367805247594,
        "ci_lo": 0.8400925305835742,
        "ci_hi": 0.8860054297710207
      },
      "domain_count_match": {
        "mean": 0.9173047473200613,
        "ci_lo": 0.8958652373660031,
        "ci_hi": 0.9372128637059725
      }
    },
    "multi": {
      "n": 703,
      "iou_chain": {
        "mean": 0.48543947676915467,
        "ci_lo": 0.46694104946196224,
        "ci_hi": 0.5045878307117356
      },
      "correct_prop": {
        "mean": 0.2503217503217503,
        "ci_lo": 0.22278661179976966,
        "ci_hi": 0.2783723667276299
      },
      "boundary_distance_score": {
        "mean": 0.44711555583266105,
        "ci_lo": 0.43103332760199536,
        "ci_hi": 0.462742180299746
      },
      "ndo": {
        "mean": 0.4244764527167252,
        "ci_lo": 0.3765644316896101,
        "ci_hi": 0.4710836610410686
      },
      "domain_count_match": {
        "mean": 0.5078236130867709,
        "ci_lo": 0.47083926031294454,
        "ci_hi": 0.5448079658605974
      }
    },
    "1+ domains": {
      "n": 1356,
      "iou_chain": {
        "mean": 0.6753658981214407,
        "ci_lo": 0.6592428733357394,
        "ci_hi": 0.6917809642258914
      },
      "correct_prop": {
        "mean": 0.5412803764573676,
        "ci_lo": 0.5164076327433629,
        "ci_hi": 0.5683955348363534
      },
      "boundary_distance_score": {
        "mean": 0.5618316840178013,
        "ci_lo": 0.5466421236370766,
        "ci_hi": 0.5772173703160981
      },
      "ndo": {
        "mean": 0.636793601096266,
        "ci_lo": 0.6058256062997204,
        "ci_hi": 0.6649241875253986
      },
      "domain_count_match": {
        "mean": 0.7050147492625368,
        "ci_lo": 0.6792035398230089,
        "ci_hi": 0.7286135693215339
      }
    },
    "2+ domains": {
      "n": 703,
      "iou_chain": {
        "mean": 0.48543947676915467,
        "ci_lo": 0.46583707004284974,
        "ci_hi": 0.504559627603535
      },
      "correct_prop": {
        "mean": 0.2503217503217503,
        "ci_lo": 0.22313867438867438,
        "ci_hi": 0.2766486317144212
      },
      "boundary_distance_score": {
        "mean": 0.44711555583266105,
        "ci_lo": 0.4310656335697454,
        "ci_hi": 0.46281216748938786
      },
      "ndo": {
        "mean": 0.4244764527167252,
        "ci_lo": 0.3751098545486979,
        "ci_hi": 0.4686558156364985
      },
      "domain_count_match": {
        "mean": 0.5078236130867709,
        "ci_lo": 0.4722617354196302,
        "ci_hi": 0.5433854907539118
      }
    }
  },
  "chainsaw_comparison": {
    "1+ domains": {
      "n": 1356,
      "iou": 0.8803998382620539,
      "correct_prop": 0.7859684471133587,
      "boundary_distance_score": 0.7887683811702063
    },
    "2+ domains": {
      "n": 703,
      "iou": 0.831942625119872,
      "correct_prop": 0.730829607803292,
      "boundary_distance_score": 0.6789812146720041
    }
  }
}