{"val_subset_iou_chain":0.44866362582548164,"val_subset_cath_level_score":0.21885714285714286,"val_subset_correct_cath":0.1811904761904762,"epoch":9,"val_subset_ndo":0.7659509128410018,"train_loss_step":0.5252299904823303,"val_subset_guided_correct_prop":0.6716666666666665,"val_subset_greedy_iou_chain":0.44866362582548164,"train_loss_epoch":0.5294038653373718,"_timestamp":1.7758251902424374e+09,"val_subset_gt_parse_ok_rate":1,"trainer/global_step":1614849,"val_subset_greedy_correct_cath":0.1811904761904762,"_runtime":79419,"val_subset_guided_pred_parse_ok_rate":1,"val_subset_boundary_distance_score":0.6633989898989898,"val_subset_greedy_boundary_distance_score":0.6633989898989898,"val_subset_domain_count_match_rate":0.4,"val_subset_guided_correct_cath":0.5716666666666667,"val_subset_guided_iou_chain":0.7794784522449067,"val_subset_greedy_pred_parse_ok_rate":0.58,"val_subset_eval_loss":0.4547394973039627,"_step":1614019,"val_subset_greedy_ndo":0.7659509128410018,"val_subset_greedy_correct_prop":0.37252380952380953,"benchmark_samples":{"size":3777,"ncols":25,"sha256":"22507c44418db449cc4423982333afdac9515fcf6ee88d239815abbe12cb11ae","log_mode":"IMMUTABLE","path":"media/table/benchmark_samples_1613021_22507c44418db449cc44.table.json","nrows":5,"_type":"table-file","artifact_path":"wandb-client-artifact://rer17xvwv3jolnyzye3g6yfa4zsfdu4bq2pdh2je8hkvig18qzyvh0499sgjtckqu4ahfn6fkt7t05sfr54jefrtypvrb575xvc4v3mcpx5q7mtbx2okg35smwh9mwwh/benchmark_samples.table.json","_latest_artifact_path":"wandb-client-artifact://vlppk2flvimz25l5u4dwiaspvwmomjz0u6yggwnf9th0vl8g5s2gdzlrmpdy0amya8auly1pl4xblqnskl4i4zqlfvhbj6rsb292bs6mygz4ri6b7qxishisfrra690f:latest/benchmark_samples.table.json"},"val_subset_pred_parse_ok_rate":0.58,"val_subset_correct_prop":0.37252380952380953,"val_subset_guided_ndo":0.8009822636769354,"val_subset_guided_cath_level_score":0.4558333333333333,"_wandb":{"runtime":79419},"eval_loss":0.5108184814453125,"val_subset_target_truncated_for_model_rate":0,"val_subset_greedy_cath_level_score":0.21885714285714286,"val_subset_guided_boundary_distance_score":0.7033333333333335}